{
  "IsEncrypted": false,
  "Values": {
    "shelltrailservicebus_RootManageSharedAccessKey_SERVICEBUS": "Endpoint=sb://shelltrailservicebus.servicebus.windows.net/;SharedAccessKeyName=RootManageSharedAccessKey;SharedAccessKey=9148Ml4oFQWL3EnQfSm6f2GwjXfpZ9ZSmBdQGYRrvzk=",
    "WEBSITE_SLOT_NAME": "Production",
    "FUNCTIONS_EXTENSION_VERSION": "~2",
    "ScmType": "None",
    "WEBSITE_AUTH_ENABLED": "False",
    "FUNCTION_APP_EDIT_MODE": "readwrite",
    "APPINSIGHTS_INSTRUMENTATIONKEY": "37d3a2e4-3b3f-4f3b-91ce-c3356b0db4ac",
    "WEBSITE_NODE_DEFAULT_VERSION": "10.14.1",
    "WEBSITE_CONTENTAZUREFILECONNECTIONSTRING": "DefaultEndpointsProtocol=https;AccountName=shelltrailstorage;AccountKey=EgJhU5HH/5RfOvxsWScfEaUbMo7+LK9DjuGhWNpxZ4Fb85g/pIIa588HSG8bnnxhSgx90im3gL2lvvMg3qm50g==",
    "WEBSITE_CONTENTSHARE": "shelltrailfunction97ff",
    "shelltrailstorage_STORAGE": "DefaultEndpointsProtocol=https;AccountName=shelltrailstorage;AccountKey=EgJhU5HH/5RfOvxsWScfEaUbMo7+LK9DjuGhWNpxZ4Fb85g/pIIa588HSG8bnnxhSgx90im3gL2lvvMg3qm50g==",
    "FUNCTIONS_WORKER_RUNTIME": "dotnet",
    "WEBSITE_SITE_NAME": "shelltrailfunction",
    "AzureWebJobsStorage": "DefaultEndpointsProtocol=https;AccountName=shelltrailstorage;AccountKey=EgJhU5HH/5RfOvxsWScfEaUbMo7+LK9DjuGhWNpxZ4Fb85g/pIIa588HSG8bnnxhSgx90im3gL2lvvMg3qm50g=="
  }
}